<?xml version="1.0" encoding="UTF-8"?><?xml-stylesheet type='text/xsl' href='_UpgradeReport_Files/UpgradeReport.xslt'?><UpgradeLog>
<Properties><Property Name="Solution" Value="Industria_Metalurgica">
</Property><Property Name="Solution File" Value="D:\Tecnico\2018\ACCESS-SQL\3_Bimestre\Industria_Metalurgica\Industria_Metalurgica.sln">
</Property><Property Name="User Options File" Value="D:\Tecnico\2018\ACCESS-SQL\3_Bimestre\Industria_Metalurgica\Industria_Metalurgica.suo">
</Property><Property Name="Date" Value="segunda-feira, 13 de agosto de 2018">
</Property><Property Name="Time" Value="13:46">
</Property></Properties><Event ErrorLevel="0" Project="" Source="Industria_Metalurgica.sln" Description="File successfully backed up as D:\Tecnico\2018\ACCESS-SQL\3_Bimestre\Industria_Metalurgica\Backup\Industria_Metalurgica.sln">
</Event><Event ErrorLevel="0" Project="" Source="Industria_Metalurgica.suo" Description="File successfully backed up as D:\Tecnico\2018\ACCESS-SQL\3_Bimestre\Industria_Metalurgica\Backup\Industria_Metalurgica.suo">
</Event><Event ErrorLevel="0" Project="Industria_Metalurgica" Source="Industria_Metalurgica\Industria_Metalurgica.csproj" Description="Project file successfully backed up as D:\Tecnico\2018\ACCESS-SQL\3_Bimestre\Industria_Metalurgica\Backup\Industria_Metalurgica\Industria_Metalurgica.csproj">
</Event><Event ErrorLevel="0" Project="Industria_Metalurgica" Source="Industria_Metalurgica\Industria_Metalurgica.csproj.user" Description="Project user file successfully backed up as D:\Tecnico\2018\ACCESS-SQL\3_Bimestre\Industria_Metalurgica\Backup\Industria_Metalurgica\Industria_Metalurgica.csproj.user">
</Event><Event ErrorLevel="0" Project="Industria_Metalurgica" Source="Industria_Metalurgica\Form1.cs" Description="File successfully backed up as D:\Tecnico\2018\ACCESS-SQL\3_Bimestre\Industria_Metalurgica\Backup\Industria_Metalurgica\Form1.cs">
</Event><Event ErrorLevel="0" Project="Industria_Metalurgica" Source="Industria_Metalurgica\Form1.Designer.cs" Description="File successfully backed up as D:\Tecnico\2018\ACCESS-SQL\3_Bimestre\Industria_Metalurgica\Backup\Industria_Metalurgica\Form1.Designer.cs">
</Event><Event ErrorLevel="0" Project="Industria_Metalurgica" Source="Industria_Metalurgica\Form10.cs" Description="File successfully backed up as D:\Tecnico\2018\ACCESS-SQL\3_Bimestre\Industria_Metalurgica\Backup\Industria_Metalurgica\Form10.cs">
</Event><Event ErrorLevel="0" Project="Industria_Metalurgica" Source="Industria_Metalurgica\Form10.Designer.cs" Description="File successfully backed up as D:\Tecnico\2018\ACCESS-SQL\3_Bimestre\Industria_Metalurgica\Backup\Industria_Metalurgica\Form10.Designer.cs">
</Event><Event ErrorLevel="0" Project="Industria_Metalurgica" Source="Industria_Metalurgica\Form11.cs" Description="File successfully backed up as D:\Tecnico\2018\ACCESS-SQL\3_Bimestre\Industria_Metalurgica\Backup\Industria_Metalurgica\Form11.cs">
</Event><Event ErrorLevel="0" Project="Industria_Metalurgica" Source="Industria_Metalurgica\Form11.Designer.cs" Description="File successfully backed up as D:\Tecnico\2018\ACCESS-SQL\3_Bimestre\Industria_Metalurgica\Backup\Industria_Metalurgica\Form11.Designer.cs">
</Event><Event ErrorLevel="0" Project="Industria_Metalurgica" Source="Industria_Metalurgica\Form12.cs" Description="File successfully backed up as D:\Tecnico\2018\ACCESS-SQL\3_Bimestre\Industria_Metalurgica\Backup\Industria_Metalurgica\Form12.cs">
</Event><Event ErrorLevel="0" Project="Industria_Metalurgica" Source="Industria_Metalurgica\Form12.Designer.cs" Description="File successfully backed up as D:\Tecnico\2018\ACCESS-SQL\3_Bimestre\Industria_Metalurgica\Backup\Industria_Metalurgica\Form12.Designer.cs">
</Event><Event ErrorLevel="0" Project="Industria_Metalurgica" Source="Industria_Metalurgica\Form13.cs" Description="File successfully backed up as D:\Tecnico\2018\ACCESS-SQL\3_Bimestre\Industria_Metalurgica\Backup\Industria_Metalurgica\Form13.cs">
</Event><Event ErrorLevel="0" Project="Industria_Metalurgica" Source="Industria_Metalurgica\Form13.Designer.cs" Description="File successfully backed up as D:\Tecnico\2018\ACCESS-SQL\3_Bimestre\Industria_Metalurgica\Backup\Industria_Metalurgica\Form13.Designer.cs">
</Event><Event ErrorLevel="0" Project="Industria_Metalurgica" Source="Industria_Metalurgica\Form14.cs" Description="File successfully backed up as D:\Tecnico\2018\ACCESS-SQL\3_Bimestre\Industria_Metalurgica\Backup\Industria_Metalurgica\Form14.cs">
</Event><Event ErrorLevel="0" Project="Industria_Metalurgica" Source="Industria_Metalurgica\Form14.Designer.cs" Description="File successfully backed up as D:\Tecnico\2018\ACCESS-SQL\3_Bimestre\Industria_Metalurgica\Backup\Industria_Metalurgica\Form14.Designer.cs">
</Event><Event ErrorLevel="0" Project="Industria_Metalurgica" Source="Industria_Metalurgica\Form15.cs" Description="File successfully backed up as D:\Tecnico\2018\ACCESS-SQL\3_Bimestre\Industria_Metalurgica\Backup\Industria_Metalurgica\Form15.cs">
</Event><Event ErrorLevel="0" Project="Industria_Metalurgica" Source="Industria_Metalurgica\Form15.Designer.cs" Description="File successfully backed up as D:\Tecnico\2018\ACCESS-SQL\3_Bimestre\Industria_Metalurgica\Backup\Industria_Metalurgica\Form15.Designer.cs">
</Event><Event ErrorLevel="0" Project="Industria_Metalurgica" Source="Industria_Metalurgica\Form2.cs" Description="File successfully backed up as D:\Tecnico\2018\ACCESS-SQL\3_Bimestre\Industria_Metalurgica\Backup\Industria_Metalurgica\Form2.cs">
</Event><Event ErrorLevel="0" Project="Industria_Metalurgica" Source="Industria_Metalurgica\Form2.Designer.cs" Description="File successfully backed up as D:\Tecnico\2018\ACCESS-SQL\3_Bimestre\Industria_Metalurgica\Backup\Industria_Metalurgica\Form2.Designer.cs">
</Event><Event ErrorLevel="0" Project="Industria_Metalurgica" Source="Industria_Metalurgica\Form3.cs" Description="File successfully backed up as D:\Tecnico\2018\ACCESS-SQL\3_Bimestre\Industria_Metalurgica\Backup\Industria_Metalurgica\Form3.cs">
</Event><Event ErrorLevel="0" Project="Industria_Metalurgica" Source="Industria_Metalurgica\Form3.Designer.cs" Description="File successfully backed up as D:\Tecnico\2018\ACCESS-SQL\3_Bimestre\Industria_Metalurgica\Backup\Industria_Metalurgica\Form3.Designer.cs">
</Event><Event ErrorLevel="0" Project="Industria_Metalurgica" Source="Industria_Metalurgica\Form4.cs" Description="File successfully backed up as D:\Tecnico\2018\ACCESS-SQL\3_Bimestre\Industria_Metalurgica\Backup\Industria_Metalurgica\Form4.cs">
</Event><Event ErrorLevel="0" Project="Industria_Metalurgica" Source="Industria_Metalurgica\Form4.Designer.cs" Description="File successfully backed up as D:\Tecnico\2018\ACCESS-SQL\3_Bimestre\Industria_Metalurgica\Backup\Industria_Metalurgica\Form4.Designer.cs">
</Event><Event ErrorLevel="0" Project="Industria_Metalurgica" Source="Industria_Metalurgica\Form5.cs" Description="File successfully backed up as D:\Tecnico\2018\ACCESS-SQL\3_Bimestre\Industria_Metalurgica\Backup\Industria_Metalurgica\Form5.cs">
</Event><Event ErrorLevel="0" Project="Industria_Metalurgica" Source="Industria_Metalurgica\Form5.Designer.cs" Description="File successfully backed up as D:\Tecnico\2018\ACCESS-SQL\3_Bimestre\Industria_Metalurgica\Backup\Industria_Metalurgica\Form5.Designer.cs">
</Event><Event ErrorLevel="0" Project="Industria_Metalurgica" Source="Industria_Metalurgica\Form6.cs" Description="File successfully backed up as D:\Tecnico\2018\ACCESS-SQL\3_Bimestre\Industria_Metalurgica\Backup\Industria_Metalurgica\Form6.cs">
</Event><Event ErrorLevel="0" Project="Industria_Metalurgica" Source="Industria_Metalurgica\Form6.Designer.cs" Description="File successfully backed up as D:\Tecnico\2018\ACCESS-SQL\3_Bimestre\Industria_Metalurgica\Backup\Industria_Metalurgica\Form6.Designer.cs">
</Event><Event ErrorLevel="0" Project="Industria_Metalurgica" Source="Industria_Metalurgica\Form7.cs" Description="File successfully backed up as D:\Tecnico\2018\ACCESS-SQL\3_Bimestre\Industria_Metalurgica\Backup\Industria_Metalurgica\Form7.cs">
</Event><Event ErrorLevel="0" Project="Industria_Metalurgica" Source="Industria_Metalurgica\Form7.Designer.cs" Description="File successfully backed up as D:\Tecnico\2018\ACCESS-SQL\3_Bimestre\Industria_Metalurgica\Backup\Industria_Metalurgica\Form7.Designer.cs">
</Event><Event ErrorLevel="0" Project="Industria_Metalurgica" Source="Industria_Metalurgica\Form8.cs" Description="File successfully backed up as D:\Tecnico\2018\ACCESS-SQL\3_Bimestre\Industria_Metalurgica\Backup\Industria_Metalurgica\Form8.cs">
</Event><Event ErrorLevel="0" Project="Industria_Metalurgica" Source="Industria_Metalurgica\Form8.Designer.cs" Description="File successfully backed up as D:\Tecnico\2018\ACCESS-SQL\3_Bimestre\Industria_Metalurgica\Backup\Industria_Metalurgica\Form8.Designer.cs">
</Event><Event ErrorLevel="0" Project="Industria_Metalurgica" Source="Industria_Metalurgica\Form9.cs" Description="File successfully backed up as D:\Tecnico\2018\ACCESS-SQL\3_Bimestre\Industria_Metalurgica\Backup\Industria_Metalurgica\Form9.cs">
</Event><Event ErrorLevel="0" Project="Industria_Metalurgica" Source="Industria_Metalurgica\Form9.Designer.cs" Description="File successfully backed up as D:\Tecnico\2018\ACCESS-SQL\3_Bimestre\Industria_Metalurgica\Backup\Industria_Metalurgica\Form9.Designer.cs">
</Event><Event ErrorLevel="0" Project="Industria_Metalurgica" Source="Industria_Metalurgica\Industria_MetalurgicaDataSet.Designer.cs" Description="File successfully backed up as D:\Tecnico\2018\ACCESS-SQL\3_Bimestre\Industria_Metalurgica\Backup\Industria_Metalurgica\Industria_MetalurgicaDataSet.Designer.cs">
</Event><Event ErrorLevel="0" Project="Industria_Metalurgica" Source="Industria_Metalurgica\Program.cs" Description="File successfully backed up as D:\Tecnico\2018\ACCESS-SQL\3_Bimestre\Industria_Metalurgica\Backup\Industria_Metalurgica\Program.cs">
</Event><Event ErrorLevel="0" Project="Industria_Metalurgica" Source="Industria_Metalurgica\Properties\AssemblyInfo.cs" Description="File successfully backed up as D:\Tecnico\2018\ACCESS-SQL\3_Bimestre\Industria_Metalurgica\Backup\Industria_Metalurgica\Properties\AssemblyInfo.cs">
</Event><Event ErrorLevel="0" Project="Industria_Metalurgica" Source="Industria_Metalurgica\Properties\Resources.Designer.cs" Description="File successfully backed up as D:\Tecnico\2018\ACCESS-SQL\3_Bimestre\Industria_Metalurgica\Backup\Industria_Metalurgica\Properties\Resources.Designer.cs">
</Event><Event ErrorLevel="0" Project="Industria_Metalurgica" Source="Industria_Metalurgica\Properties\Settings.Designer.cs" Description="File successfully backed up as D:\Tecnico\2018\ACCESS-SQL\3_Bimestre\Industria_Metalurgica\Backup\Industria_Metalurgica\Properties\Settings.Designer.cs">
</Event><Event ErrorLevel="0" Project="Industria_Metalurgica" Source="Industria_Metalurgica\app.config" Description="File successfully backed up as D:\Tecnico\2018\ACCESS-SQL\3_Bimestre\Industria_Metalurgica\Backup\Industria_Metalurgica\app.config">
</Event><Event ErrorLevel="0" Project="Industria_Metalurgica" Source="Industria_Metalurgica\Industria_MetalurgicaDataSet.xsc" Description="File successfully backed up as D:\Tecnico\2018\ACCESS-SQL\3_Bimestre\Industria_Metalurgica\Backup\Industria_Metalurgica\Industria_MetalurgicaDataSet.xsc">
</Event><Event ErrorLevel="0" Project="Industria_Metalurgica" Source="Industria_Metalurgica\Industria_MetalurgicaDataSet.xsd" Description="File successfully backed up as D:\Tecnico\2018\ACCESS-SQL\3_Bimestre\Industria_Metalurgica\Backup\Industria_Metalurgica\Industria_MetalurgicaDataSet.xsd">
</Event><Event ErrorLevel="0" Project="Industria_Metalurgica" Source="Industria_Metalurgica\Industria_MetalurgicaDataSet.xss" Description="File successfully backed up as D:\Tecnico\2018\ACCESS-SQL\3_Bimestre\Industria_Metalurgica\Backup\Industria_Metalurgica\Industria_MetalurgicaDataSet.xss">
</Event><Event ErrorLevel="0" Project="Industria_Metalurgica" Source="Industria_Metalurgica\Properties\Settings.settings" Description="File successfully backed up as D:\Tecnico\2018\ACCESS-SQL\3_Bimestre\Industria_Metalurgica\Backup\Industria_Metalurgica\Properties\Settings.settings">
</Event><Event ErrorLevel="0" Project="Industria_Metalurgica" Source="Industria_Metalurgica\Form1.resx" Description="File successfully backed up as D:\Tecnico\2018\ACCESS-SQL\3_Bimestre\Industria_Metalurgica\Backup\Industria_Metalurgica\Form1.resx">
</Event><Event ErrorLevel="0" Project="Industria_Metalurgica" Source="Industria_Metalurgica\Form10.resx" Description="File successfully backed up as D:\Tecnico\2018\ACCESS-SQL\3_Bimestre\Industria_Metalurgica\Backup\Industria_Metalurgica\Form10.resx">
</Event><Event ErrorLevel="0" Project="Industria_Metalurgica" Source="Industria_Metalurgica\Form11.resx" Description="File successfully backed up as D:\Tecnico\2018\ACCESS-SQL\3_Bimestre\Industria_Metalurgica\Backup\Industria_Metalurgica\Form11.resx">
</Event><Event ErrorLevel="0" Project="Industria_Metalurgica" Source="Industria_Metalurgica\Form12.resx" Description="File successfully backed up as D:\Tecnico\2018\ACCESS-SQL\3_Bimestre\Industria_Metalurgica\Backup\Industria_Metalurgica\Form12.resx">
</Event><Event ErrorLevel="0" Project="Industria_Metalurgica" Source="Industria_Metalurgica\Form13.resx" Description="File successfully backed up as D:\Tecnico\2018\ACCESS-SQL\3_Bimestre\Industria_Metalurgica\Backup\Industria_Metalurgica\Form13.resx">
</Event><Event ErrorLevel="0" Project="Industria_Metalurgica" Source="Industria_Metalurgica\Form14.resx" Description="File successfully backed up as D:\Tecnico\2018\ACCESS-SQL\3_Bimestre\Industria_Metalurgica\Backup\Industria_Metalurgica\Form14.resx">
</Event><Event ErrorLevel="0" Project="Industria_Metalurgica" Source="Industria_Metalurgica\Form15.resx" Description="File successfully backed up as D:\Tecnico\2018\ACCESS-SQL\3_Bimestre\Industria_Metalurgica\Backup\Industria_Metalurgica\Form15.resx">
</Event><Event ErrorLevel="0" Project="Industria_Metalurgica" Source="Industria_Metalurgica\Form2.resx" Description="File successfully backed up as D:\Tecnico\2018\ACCESS-SQL\3_Bimestre\Industria_Metalurgica\Backup\Industria_Metalurgica\Form2.resx">
</Event><Event ErrorLevel="0" Project="Industria_Metalurgica" Source="Industria_Metalurgica\Form3.resx" Description="File successfully backed up as D:\Tecnico\2018\ACCESS-SQL\3_Bimestre\Industria_Metalurgica\Backup\Industria_Metalurgica\Form3.resx">
</Event><Event ErrorLevel="0" Project="Industria_Metalurgica" Source="Industria_Metalurgica\Form4.resx" Description="File successfully backed up as D:\Tecnico\2018\ACCESS-SQL\3_Bimestre\Industria_Metalurgica\Backup\Industria_Metalurgica\Form4.resx">
</Event><Event ErrorLevel="0" Project="Industria_Metalurgica" Source="Industria_Metalurgica\Form5.resx" Description="File successfully backed up as D:\Tecnico\2018\ACCESS-SQL\3_Bimestre\Industria_Metalurgica\Backup\Industria_Metalurgica\Form5.resx">
</Event><Event ErrorLevel="0" Project="Industria_Metalurgica" Source="Industria_Metalurgica\Form6.resx" Description="File successfully backed up as D:\Tecnico\2018\ACCESS-SQL\3_Bimestre\Industria_Metalurgica\Backup\Industria_Metalurgica\Form6.resx">
</Event><Event ErrorLevel="0" Project="Industria_Metalurgica" Source="Industria_Metalurgica\Form7.resx" Description="File successfully backed up as D:\Tecnico\2018\ACCESS-SQL\3_Bimestre\Industria_Metalurgica\Backup\Industria_Metalurgica\Form7.resx">
</Event><Event ErrorLevel="0" Project="Industria_Metalurgica" Source="Industria_Metalurgica\Form8.resx" Description="File successfully backed up as D:\Tecnico\2018\ACCESS-SQL\3_Bimestre\Industria_Metalurgica\Backup\Industria_Metalurgica\Form8.resx">
</Event><Event ErrorLevel="0" Project="Industria_Metalurgica" Source="Industria_Metalurgica\Form9.resx" Description="File successfully backed up as D:\Tecnico\2018\ACCESS-SQL\3_Bimestre\Industria_Metalurgica\Backup\Industria_Metalurgica\Form9.resx">
</Event><Event ErrorLevel="0" Project="Industria_Metalurgica" Source="Industria_Metalurgica\Properties\Resources.resx" Description="File successfully backed up as D:\Tecnico\2018\ACCESS-SQL\3_Bimestre\Industria_Metalurgica\Backup\Industria_Metalurgica\Properties\Resources.resx">
</Event><Event ErrorLevel="0" Project="Industria_Metalurgica" Source="Industria_Metalurgica\Industria_Metalurgica.csproj" Description="Project converted successfully">
</Event><Event ErrorLevel="3" Project="Industria_Metalurgica" Source="Industria_Metalurgica\Industria_Metalurgica.csproj" Description="Converted">
</Event><Event ErrorLevel="0" Project="" Source="Industria_Metalurgica.sln" Description="Solution converted successfully">
</Event><Event ErrorLevel="3" Project="" Source="Industria_Metalurgica.sln" Description="Converted">
</Event><Event ErrorLevel="0" Project="Industria_Metalurgica" Source="Industria_Metalurgica\Industria_Metalurgica.csproj" Description="Scan complete: Upgrade not required for project files.">
</Event></UpgradeLog>